,time,open,highest,lowest,close,volume,amount
0,1518936060000,10593.33,10594.84,10589.02,10594.41,1452.0,13.711993132303
1,1518936120000,10599.06,10604.58,10594.27,10594.27,8.0,0.07547350528800001
2,1518936180000,10587.02,10600.18,10584.3,10591.52,60.0,0.5664807232169999
3,1518936240000,10594.47,10602.8,10583.21,10583.21,1780.0,16.789462771142002
4,1518936300000,10582.93,10582.93,10544.91,10565.25,370.0,3.5034450330010003
5,1518936360000,10563.49,10573.51,10557.24,10561.9,334.0,3.160227356748
6,1518936420000,10540.75,10540.75,10520.68,10531.49,28.0,0.265740318836
7,1518936480000,10519.68,10531.05,10507.96,10516.03,2180.0,20.721673775651
8,1518936540000,10517.0,10517.77,10507.84,10513.39,494.0,4.697704075099
9,1518936600000,10509.0,10509.0,10440.09,10440.09,538.0,5.133353147534001
10,1518936660000,10440.01,10493.4,10428.68,10481.12,996.0,9.533929063288
11,1518936780000,10508.73,10508.73,10508.73,10508.73,2.0,0.019031795469
12,1518936720000,10508.73,10512.68,10469.25,10475.72,518.0,4.943705225401
13,1518936840000,10477.52,10477.52,10395.52,10395.52,114.0,1.091821597909
14,1518936900000,10394.35,10419.67,10380.0,10419.5,398.0,3.8274589813419997
15,1518936960000,10421.24,10464.47,10413.7,10434.45,1594.0,15.279515866738
16,1518937020000,10447.81,10452.14,10426.09,10426.71,2262.0,21.693800034278997
17,1518937080000,10426.96,10458.9,10426.96,10449.08,200.0,1.914772210291
18,1518937140000,10435.35,10435.35,10420.58,10435.35,76.0,0.728320897479
19,1518937200000,10435.35,10435.35,10416.55,10418.15,182.0,1.7451583364860002
20,1518937260000,10435.05,10487.38,10435.05,10470.17,4108.0,39.296423765502
21,1518937320000,10470.67,10516.38,10441.7,10475.45,3784.0,36.13824876612
22,1518937380000,10473.69,10505.32,10467.08,10500.12,2120.0,20.20563715813
23,1518937440000,10500.12,10507.41,10485.6,10485.6,3740.0,35.645666346472
24,1518937560000,10506.31,10506.31,10506.31,10506.31,10.0,0.095180896052
25,1518937500000,10506.31,10506.31,10480.0,10492.78,462.0,4.404295853064
26,1518937620000,10480.35,10480.35,10477.91,10477.91,256.0,2.442708541719
27,1518937680000,10477.89,10480.0,10475.21,10475.21,332.0,3.168020004039
28,1518937740000,10469.3,10469.3,10433.4,10433.4,2262.0,21.641969390251003
29,1518937800000,10425.69,10457.11,10425.69,10428.0,550.0,5.266640734527
30,1518937860000,10459.0,10485.63,10459.0,10480.12,1042.0,9.940167664098999
31,1518937920000,10477.21,10483.35,10446.5,10483.35,1250.0,11.938461243182001
32,1518937980000,10478.33,10505.04,10469.9,10479.67,3436.0,32.799903936507
33,1518938040000,10479.62,10514.0,10479.62,10512.47,6960.0,66.32836602163201
34,1518938100000,10512.47,10534.0,10495.5,10513.5,736.0,6.9978322575259995
35,1518938160000,10520.21,10532.39,10515.14,10515.14,2740.0,26.046129583499
36,1518938220000,10512.8,10523.31,10506.83,10514.85,718.0,6.827047423563
37,1518938280000,10517.15,10526.98,10487.7,10487.7,436.0,4.15109516908
38,1518938340000,10489.9,10529.54,10484.5,10484.5,2444.0,23.230259324078002
39,1518938400000,10495.99,10496.29,10495.99,10495.99,280.0,2.667633185119
40,1518938460000,10475.5,10493.9,10474.36,10493.9,292.0,2.787053172268
41,1518938520000,10484.85,10495.99,10484.16,10492.25,276.0,2.630514121627
42,1518938580000,10492.75,10507.21,10492.75,10507.21,2612.0,24.878667504773002
43,1518938640000,10515.73,10517.22,10502.51,10503.01,60.0,0.570789211241
44,1518938700000,10498.59,10508.13,10494.74,10506.83,274.0,2.609776750937
45,1518938760000,10485.35,10504.61,10485.35,10504.61,10.0,0.0952371097
46,1518938820000,10498.58,10498.58,10474.31,10481.1,2150.0,20.490892491025
47,1518938880000,10484.11,10495.52,10484.11,10495.52,80.0,0.762417754858
48,1518938940000,10495.81,10504.72,10468.3,10488.93,244.0,2.327399841794
49,1518939000000,10467.31,10467.31,10436.36,10442.33,1030.0,9.852367693098
50,1518939060000,10455.1,10476.06,10455.1,10473.26,36.0,0.34372995646
51,1518939120000,10439.39,10456.63,10434.24,10443.04,108.0,1.033913506432
52,1518939180000,10442.71,10484.84,10442.71,10478.05,338.0,3.228689003811
53,1518939240000,10477.3,10496.53,10456.92,10471.39,2986.0,28.551326137223
54,1518939300000,10470.77,10494.78,10470.77,10494.78,66.0,0.6291237124669999
55,1518939360000,10501.25,10522.94,10497.46,10499.54,318.0,3.026420852877
56,1518939420000,10523.0,10527.51,10509.6,10514.67,446.0,4.240570633363999
57,1518939480000,10517.0,10535.75,10517.0,10535.7,212.0,2.013480572556
58,1518939540000,10536.61,10536.61,10516.8,10516.8,54.0,0.513086087477
59,1518939600000,10527.89,10532.84,10525.34,10527.31,76.0,0.7217845441670001
60,1518939660000,10513.36,10551.16,10495.32,10547.61,544.0,5.169424088486
61,1518939720000,10519.34,10536.37,10501.27,10536.37,1610.0,15.303655127803
62,1518939840000,10535.31,10535.31,10535.31,10535.31,0.0,0.0
63,1518939780000,10545.29,10552.65,10544.74,10552.65,52.0,0.493086404983
64,1518939900000,10545.0,10550.85,10545.0,10549.62,970.0,9.194749744769
65,1518939960000,10551.35,10582.23,10551.35,10577.11,168.0,1.588734456701
66,1518940020000,10581.48,10584.89,10577.85,10583.59,120.0,1.13398945865
67,1518940080000,10574.68,10586.45,10572.93,10579.52,146.0,1.379608219003
68,1518940140000,10579.52,10600.0,10579.24,10600.0,2466.0,23.309011320465004
69,1518940200000,10600.0,10601.36,10567.38,10569.67,560.0,5.287221068542
70,1518940260000,10557.72,10592.4,10557.72,10588.39,162.0,1.531085052921
71,1518940320000,10595.93,10597.76,10557.53,10595.29,2250.0,21.305182146329
72,1518940380000,10595.0,10598.14,10539.03,10566.66,2182.0,20.656838705073
73,1518940440000,10567.44,10567.44,10549.31,10549.31,294.0,2.784162767441
74,1518940500000,10556.88,10571.53,10556.88,10569.0,1542.0,14.590070429696
75,1518940560000,10563.24,10563.24,10563.24,10563.24,14.0,0.132535093399
76,1518940620000,10567.18,10567.83,10554.76,10554.76,70.0,0.6624918609839999
77,1518940680000,10548.3,10557.74,10538.38,10542.28,606.0,5.747558445411
78,1518940740000,10555.43,10557.15,10546.63,10555.08,54.0,0.511674438967
79,1518940800000,10550.59,10550.59,10536.12,10545.0,852.0,8.079868744106
80,1518940860000,10545.0,10566.07,10533.76,10542.65,2642.0,25.054388520331003
81,1518940920000,10540.25,10556.94,10540.02,10546.83,1824.0,17.304070446079997
82,1518940980000,10546.83,10546.83,10544.35,10546.83,1364.0,12.932870390518
83,1518941040000,10542.62,10546.83,10542.0,10542.13,864.0,8.195578347328
84,1518941100000,10541.5,10542.13,10530.49,10530.49,210.0,1.992482350225
85,1518941160000,10530.49,10531.09,10478.6,10489.19,2034.0,19.393151751051
86,1518941220000,10489.19,10503.31,10453.48,10465.0,3206.0,30.570481361189
87,1518941280000,10467.45,10489.82,10467.45,10477.2,1522.0,14.51145672924
88,1518941340000,10479.59,10495.22,10472.47,10480.0,342.0,3.2620337030699997
89,1518941400000,10480.0,10480.34,10470.0,10470.0,1288.0,12.295977852867999
90,1518941460000,10470.0,10479.37,10470.0,10479.37,1042.0,9.944229477973
91,1518941520000,10460.0,10466.58,10450.3,10450.3,846.0,8.089606341982
92,1518941580000,10450.0,10505.68,10450.0,10454.19,4042.0,38.623343347247
93,1518941640000,10454.19,10511.32,10454.19,10473.21,9472.0,90.463587413672
94,1518941700000,10473.21,10494.36,10459.0,10490.13,3578.0,34.181814791041
95,1518941760000,10488.2,10489.75,10450.0,10454.6,2176.0,20.802302813639
96,1518941820000,10464.97,10471.03,10447.19,10455.0,1374.0,13.14352484628
97,1518941880000,10453.44,10503.49,10453.44,10498.14,3298.0,31.513200187368998
98,1518941940000,10494.34,10513.57,10463.35,10486.53,5082.0,48.494669756159
99,1518942000000,10486.53,10522.9,10476.12,10476.12,4724.0,45.061662954884994
100,1518942060000,10483.81,10536.11,10470.0,10483.32,3740.0,35.637287782947
101,1518942120000,10491.34,10506.33,10489.12,10491.01,246.0,2.34424286356
102,1518942180000,10494.06,10501.29,10489.03,10491.22,4024.0,38.333505018886
103,1518942240000,10494.9,10526.99,10494.9,10526.99,790.0,7.5183609957840005
104,1518942300000,10503.43,10503.43,10464.77,10484.28,184.0,1.756076462085
105,1518942360000,10484.32,10499.57,10465.29,10475.69,3242.0,30.887786227406
106,1518942420000,10474.34,10474.35,10430.0,10430.0,1036.0,9.912909744091001
107,1518942480000,10430.0,10467.88,10428.48,10443.69,428.0,4.095140073485
108,1518942540000,10435.81,10447.58,10414.45,10414.45,2674.0,25.61365077105
109,1518942600000,10414.98,10450.1,10411.48,10429.1,474.0,4.54346102022
110,1518942660000,10429.1,10446.71,10413.33,10413.33,190.0,1.82121580686
111,1518942720000,10408.77,10419.01,10390.23,10395.65,668.0,6.418270044044
112,1518942780000,10399.38,10408.81,10391.16,10391.16,172.0,1.654150016974
113,1518942840000,10390.24,10390.24,10351.48,10365.69,468.0,4.507743010219
114,1518942900000,10358.31,10389.45,10358.31,10381.7,1926.0,18.55410376219
115,1518942960000,10378.0,10407.0,10378.0,10390.33,520.0,5.008542262201
116,1518943020000,10398.38,10407.0,10377.25,10379.73,458.0,4.40561259346
117,1518943080000,10392.01,10392.01,10374.14,10382.0,208.0,2.002983650892
118,1518943140000,10376.84,10380.61,10362.1,10362.1,3062.0,29.520534793188
119,1518943200000,10365.86,10373.78,10341.6,10350.0,626.0,6.049023953056
120,1518943260000,10350.0,10363.06,10349.28,10360.0,330.0,3.1865558990219998
121,1518943320000,10345.47,10349.28,10338.57,10341.04,1382.0,13.364200158715
122,1518943380000,10347.83,10391.86,10347.83,10360.58,402.0,3.876115805467
123,1518943440000,10354.67,10357.63,10350.89,10350.89,34.0,0.328430092567
124,1518943500000,10364.27,10368.61,10336.51,10336.51,632.0,6.099988299274
125,1518943560000,10330.53,10370.58,10329.78,10341.93,396.0,3.8314886399129997
126,1518943620000,10333.0,10354.65,10333.0,10348.15,108.0,1.044370577424
127,1518943680000,10348.55,10348.55,10332.0,10336.69,334.0,3.230643647144
128,1518943740000,10350.99,10350.99,10339.18,10345.5,3744.0,36.189762565026
129,1518943800000,10350.0,10386.03,10350.0,10385.0,330.0,3.183718514303
130,1518943860000,10370.97,10370.97,10352.73,10370.95,164.0,1.581758065371
131,1518943920000,10370.95,10370.95,10342.13,10342.13,178.0,1.719067100144
132,1518943980000,10349.98,10353.93,10320.5,10320.5,320.0,3.096854978103
133,1518944040000,10320.0,10320.0,10287.55,10291.3,658.0,6.386364709764
134,1518944100000,10296.12,10305.68,10277.86,10286.61,2196.0,21.347671251415
135,1518944160000,10304.13,10314.98,10304.13,10311.22,128.0,1.2412775217829999
136,1518944220000,10286.63,10286.63,10270.3,10270.3,180.0,1.750761146943
137,1518944280000,10266.5,10266.5,10251.0,10257.8,532.0,5.18774004829
138,1518944340000,10258.77,10290.45,10257.8,10290.45,1922.0,18.681576728609
139,1518944400000,10290.46,10290.46,10256.34,10283.92,260.0,2.527451569621
140,1518944460000,10284.7,10286.82,10275.42,10286.82,82.0,0.797389467263
141,1518944520000,10304.02,10304.02,10294.56,10298.78,42.0,0.40768912571800003
142,1518944580000,10304.22,10326.44,10290.0,10290.01,3688.0,35.823036400016
143,1518944640000,10290.07,10333.83,10290.01,10333.83,536.0,5.19914735405
144,1518944700000,10333.94,10367.31,10333.94,10358.8,168.0,1.6225123315939998
145,1518944760000,10358.8,10358.8,10332.68,10352.76,310.0,2.995387065044
146,1518944820000,10354.89,10354.89,10354.89,10354.89,8.0,0.077258184297
147,1518944880000,10362.14,10362.14,10348.18,10348.44,186.0,1.7958358485569998
148,1518944940000,10367.82,10384.69,10345.96,10351.13,1512.0,14.597033729791
149,1518945000000,10359.56,10360.48,10329.71,10360.36,336.0,3.2463212196599995
150,1518945060000,10328.92,10354.72,10301.96,10342.47,190.0,1.8390585279629998
151,1518945120000,10326.15,10339.67,10326.15,10339.66,1386.0,13.413276595792
152,1518945180000,10341.73,10362.32,10341.73,10362.32,54.0,0.5214959325240001
153,1518945240000,10352.37,10352.37,10348.95,10350.7,212.0,2.048140717401
154,1518945300000,10350.7,10350.7,10350.7,10350.7,0.0,0.0
155,1518945360000,10366.57,10366.57,10359.59,10359.59,1942.0,18.733319652376
156,1518945420000,10369.51,10371.68,10369.51,10371.68,12.0,0.115719851303
157,1518945480000,10371.68,10371.68,10371.68,10371.68,0.0,0.0
158,1518945540000,10386.0,10391.62,10386.0,10391.62,418.0,4.0246277365530005
159,1518945600000,10404.57,10404.6,10388.02,10388.02,30.0,0.28846098789999997
160,1518945660000,10387.57,10389.97,10350.88,10350.88,528.0,5.094668051965
161,1518945720000,10350.38,10408.21,10350.33,10400.27,1658.0,15.951253386456
162,1518945780000,10394.11,10394.11,10356.93,10389.43,506.0,4.873903386269999
163,1518945840000,10373.44,10387.36,10373.44,10387.36,18.0,0.17331337103
164,1518945900000,10363.6,10365.12,10360.0,10365.12,204.0,1.9686408360769998
165,1518945960000,10373.81,10373.81,10353.94,10360.79,130.0,1.254222128881
166,1518946020000,10360.0,10376.95,10360.0,10376.95,326.0,3.144414574268
167,1518946080000,10351.0,10351.0,10351.0,10351.0,204.0,1.970824074969
168,1518946140000,10351.98,10351.98,10346.94,10346.94,2188.0,21.136156717959
169,1518946200000,10347.31,10379.37,10347.31,10348.41,372.0,3.5898229977139997
170,1518946260000,10339.66,10358.37,10339.66,10346.47,1140.0,11.010487476117001
171,1518946320000,10339.66,10344.94,10316.61,10318.45,194.0,1.8768188423210002
172,1518946380000,10340.61,10347.31,10306.97,10307.45,128.0,1.240006146312
173,1518946440000,10307.78,10325.29,10307.78,10325.29,16.0,0.155029167519
174,1518946500000,10317.31,10327.5,10317.31,10323.7,3020.0,29.242383234203
175,1518946560000,10323.7,10324.74,10260.7,10271.26,798.0,7.744333733612
176,1518946620000,10254.92,10272.0,10232.87,10232.87,1252.0,12.231386737256
177,1518946680000,10232.87,10285.28,10232.87,10248.43,1194.0,11.638923624865
178,1518946740000,10250.64,10257.29,10226.51,10248.17,1166.0,11.384211403512001
179,1518946800000,10245.85,10245.85,10205.5,10212.0,108.0,1.057266454175
180,1518946860000,10219.81,10222.64,10212.5,10212.5,102.0,0.998268429958
181,1518946920000,10223.98,10254.35,10223.98,10237.57,234.0,2.287110684627
182,1518946980000,10255.54,10257.63,10224.34,10231.14,154.0,1.504055992695
183,1518947040000,10233.49,10252.04,10233.49,10243.36,1254.0,12.240527259121
184,1518947100000,10237.07,10263.59,10225.82,10239.77,296.0,2.888034074724
185,1518947160000,10239.77,10241.82,10222.6,10224.35,292.0,2.855365705995
186,1518947220000,10228.98,10233.0,10228.98,10233.0,1182.0,11.555289135376
187,1518947280000,10232.53,10234.39,10224.13,10234.39,78.0,0.7625364381190001
188,1518947340000,10221.0,10223.29,10142.35,10200.94,2894.0,28.422913159067
189,1518947400000,10185.2,10185.2,10183.1,10183.23,22.0,0.216038174815
190,1518947460000,10157.76,10168.07,10120.56,10167.91,1466.0,14.443461464876
191,1518947520000,10152.7,10168.89,10145.65,10159.79,198.0,1.949117172739
192,1518947580000,10176.79,10191.59,10157.93,10157.93,760.0,7.460914947449
193,1518947640000,10160.1,10170.83,10160.1,10166.0,1262.0,12.420822958605001
194,1518947700000,10150.5,10150.5,10123.08,10134.69,292.0,2.882284852185
195,1518947760000,10134.61,10158.99,10134.61,10155.3,128.0,1.261768615257
196,1518947820000,10155.57,10155.57,10122.44,10134.63,1412.0,13.927717391391
197,1518947880000,10132.18,10132.18,10119.26,10122.7,370.0,3.655480542098
198,1518947940000,10109.23,10121.4,10090.55,10121.4,338.0,3.34825656864
199,1518948000000,10124.43,10153.09,10124.37,10153.09,984.0,9.697941598539
200,1518948060000,10159.13,10191.94,10145.0,10188.8,602.0,5.931847433556
201,1518948120000,10188.8,10219.07,10188.8,10217.77,74.0,0.725187681886
202,1518948180000,10228.86,10228.86,10206.54,10209.73,848.0,8.302193248618
203,1518948240000,10225.05,10236.63,10223.75,10230.72,254.0,2.483495244544
204,1518948300000,10233.16,10236.87,10214.0,10232.95,320.0,3.130576858542
205,1518948360000,10233.26,10263.3,10232.51,10261.28,432.0,4.2143401013199995
206,1518948420000,10266.61,10271.53,10235.81,10235.81,1592.0,15.510733331847
207,1518948480000,10251.27,10276.38,10244.5,10276.38,3440.0,33.513539680334
208,1518948540000,10272.48,10279.18,10254.71,10279.18,824.0,8.028551375003001
209,1518948600000,10280.0,10302.37,10280.0,10301.01,992.0,9.637834029651
210,1518948660000,10300.32,10300.32,10278.4,10278.4,1760.0,17.109831534298
211,1518948720000,10276.4,10302.78,10276.4,10294.87,520.0,5.050675629701
212,1518948780000,10303.17,10303.17,10283.11,10299.5,222.0,2.1571262770599997
213,1518948840000,10290.05,10291.09,10282.31,10289.03,1962.0,19.072806043532
214,1518948900000,10289.03,10289.03,10269.29,10270.74,998.0,9.710859539630999
215,1518948960000,10270.24,10286.75,10255.02,10256.74,834.0,8.118364634137
216,1518949020000,10256.74,10296.7,10256.74,10282.1,1424.0,13.851336955901001
217,1518949080000,10300.0,10337.64,10300.0,10332.5,190.0,1.840824253264
218,1518949140000,10337.64,10355.97,10288.02,10350.18,1104.0,10.673742074437
219,1518949200000,10351.65,10359.46,10331.63,10332.4,594.0,5.744483214354
220,1518949260000,10330.61,10354.34,10314.74,10338.69,3436.0,33.203410017441
221,1518949320000,10337.15,10347.37,10321.74,10328.53,2770.0,26.787171152979003
222,1518949380000,10328.38,10351.97,10325.0,10344.59,688.0,6.648868354966
223,1518949440000,10338.51,10339.67,10338.51,10339.67,8.0,0.077378419342
224,1518949500000,10344.85,10356.17,10344.85,10356.17,494.0,4.7722692693379996
225,1518949560000,10356.17,10356.17,10343.82,10349.39,294.0,2.8412053559039996
226,1518949620000,10349.3,10368.01,10341.74,10362.77,1176.0,11.346320640964999
227,1518949680000,10361.33,10363.33,10342.83,10356.18,1896.0,18.305067473473
228,1518949740000,10359.14,10372.07,10354.65,10372.07,346.0,3.3371124342110003
229,1518949800000,10366.14,10386.42,10347.16,10369.43,794.0,7.655509715847
230,1518949860000,10372.99,10376.02,10346.68,10358.31,326.0,3.144760617921
231,1518949920000,10360.65,10377.16,10335.0,10351.61,2164.0,20.887847574639
232,1518949980000,10363.8,10363.8,10303.23,10334.9,336.0,3.252043889832
233,1518950040000,10346.8,10346.8,10330.49,10330.49,58.0,0.561325459916
234,1518950100000,10329.94,10329.94,10299.11,10299.61,238.0,2.307531252105
235,1518950160000,10299.61,10323.47,10299.61,10323.47,1156.0,11.221769111761
236,1518950220000,10344.01,10345.81,10320.7,10330.09,346.0,3.346503275531
237,1518950280000,10330.09,10332.67,10326.06,10330.29,350.0,3.3882199869300003
238,1518950340000,10323.73,10323.73,10307.17,10308.14,100.0,0.9694345606020001
239,1518950400000,10318.33,10319.42,10317.0,10317.0,1400.0,13.566677832328
240,1518950460000,10331.08,10374.66,10328.59,10347.86,672.0,6.494390688864
241,1518950520000,10350.36,10383.84,10350.36,10372.53,254.0,2.449920926824
242,1518950580000,10362.92,10370.03,10348.53,10364.4,480.0,4.63559716426
243,1518950640000,10364.4,10370.77,10353.08,10368.53,558.0,5.382839560585
244,1518950700000,10368.78,10384.12,10368.78,10377.4,312.0,3.0081127020569998
245,1518950760000,10382.75,10393.93,10347.8,10393.93,1164.0,11.21123716086
246,1518950880000,10390.0,10390.0,10390.0,10390.0,0.0,0.0
247,1518950820000,10414.65,10414.65,10391.23,10391.76,48.0,0.46179418249
248,1518950940000,10410.61,10436.35,10401.15,10414.78,374.0,3.589265390793
249,1518951000000,10416.85,10422.1,10400.93,10405.25,1934.0,18.560868631092998
250,1518951060000,10406.21,10430.0,10383.36,10430.0,1158.0,11.122430237717
251,1518951120000,10430.0,10432.77,10430.0,10430.0,2110.0,20.229657399644
252,1518951180000,10430.0,10463.61,10430.0,10463.55,1364.0,13.069638761433001
253,1518951240000,10463.0,10469.14,10413.05,10419.58,2042.0,19.528317783918
254,1518951300000,10424.31,10467.14,10419.45,10467.14,726.0,6.952501149239999
255,1518951360000,10467.14,10471.44,10449.05,10467.89,2434.0,23.26274032725
256,1518951420000,10453.0,10482.03,10430.38,10480.0,694.0,6.633881102954001
257,1518951480000,10463.11,10474.36,10429.23,10466.09,322.0,3.076805845808
258,1518951540000,10463.65,10469.64,10455.93,10461.5,3556.0,33.978962459068
259,1518951600000,10466.78,10480.58,10452.22,10463.14,730.0,6.97530732237
260,1518951660000,10463.14,10464.0,10428.26,10431.74,1046.0,10.012327558452
261,1518951720000,10448.0,10450.19,10404.14,10426.1,1478.0,14.175857546831999
262,1518951780000,10425.6,10467.2,10425.51,10446.01,2258.0,21.63036259273
263,1518951840000,10455.12,10476.72,10455.12,10472.97,256.0,2.445781817002
264,1518951900000,10476.72,10480.59,10467.07,10472.21,906.0,8.652602464159
265,1518951960000,10467.66,10467.66,10443.17,10458.6,4214.0,40.321510866402996
266,1518952020000,10448.74,10459.63,10446.79,10459.63,142.0,1.358734103724
267,1518952080000,10444.97,10457.12,10439.24,10440.88,204.0,1.953390534457
268,1518952140000,10455.03,10455.53,10442.81,10442.81,862.0,8.253175586605
269,1518952200000,10455.53,10456.38,10455.53,10456.38,24.0,0.22952805069
270,1518952260000,10454.88,10465.1,10449.88,10465.1,774.0,7.4018440542190005
271,1518952320000,10465.1,10467.48,10429.66,10449.77,1130.0,10.803727293974
272,1518952380000,10453.11,10468.14,10448.75,10459.38,2770.0,26.471194676244
273,1518952440000,10468.05,10491.1,10452.69,10484.69,766.0,7.309953891253
274,1518952500000,10476.68,10512.0,10464.32,10500.0,600.0,5.720140778384
275,1518952560000,10498.0,10514.18,10459.2,10500.0,1562.0,14.874731742261
276,1518952620000,10500.0,10523.09,10500.0,10500.3,2790.0,26.544784758374
277,1518952680000,10517.27,10523.38,10500.0,10502.39,3412.0,32.481350760813996
278,1518952740000,10500.03,10522.72,10500.0,10500.6,2316.0,22.045900452027002
279,1518952800000,10507.02,10513.98,10500.6,10501.23,816.0,7.76636928619
280,1518952860000,10501.23,10514.4,10484.37,10486.94,1132.0,10.779553429988
281,1518952920000,10488.51,10509.15,10483.59,10509.15,1586.0,15.119669658065
282,1518952980000,10504.63,10504.63,10481.46,10482.43,430.0,4.097563303269999
283,1518953040000,10492.94,10492.94,10482.1,10482.1,670.0,6.391106991483
284,1518953100000,10479.6,10489.45,10470.68,10474.78,1792.0,17.102470287836002
285,1518953160000,10460.66,10500.57,10460.66,10497.75,146.0,1.3928901679730001
286,1518953220000,10478.69,10479.19,10468.84,10468.9,490.0,4.678699744216
287,1518953280000,10457.74,10458.03,10455.0,10455.0,516.0,4.935181810617
288,1518953340000,10445.09,10483.5,10445.09,10483.5,2470.0,23.638014563951998
289,1518953400000,10478.83,10478.83,10439.4,10445.01,396.0,3.7893248770699994
290,1518953460000,10431.58,10442.45,10431.58,10442.45,214.0,2.049463532189
291,1518953520000,10442.45,10461.83,10435.23,10456.48,2264.0,21.669222824450003
292,1518953580000,10440.18,10456.79,10440.18,10442.99,102.0,0.97648645889
293,1518953640000,10460.13,10462.24,10459.98,10462.24,78.0,0.745673330624
294,1518953700000,10472.85,10472.85,10429.05,10452.66,84.0,0.803508018414
295,1518953760000,10463.83,10480.0,10442.77,10470.19,234.0,2.235275635816
296,1518953820000,10471.97,10486.35,10444.63,10444.63,516.0,4.928141459751
297,1518953880000,10466.4,10502.87,10466.4,10471.77,348.0,3.3166777373689995
298,1518953940000,10482.06,10493.63,10463.58,10482.0,232.0,2.213724141029
299,1518954000000,10486.27,10525.71,10482.5,10525.71,406.0,3.867492293473
300,1518954060000,10526.49,10547.92,10526.49,10537.52,166.0,1.575679428551
301,1518954120000,10536.87,10544.41,10532.25,10540.78,160.0,1.517910142058
302,1518954180000,10540.64,10540.75,10510.56,10512.67,178.0,1.690026844093
303,1518954240000,10515.91,10521.19,10501.11,10513.11,942.0,8.961488779455
304,1518954300000,10514.84,10527.27,10504.05,10515.66,1364.0,12.976173214565
305,1518954360000,10506.48,10533.26,10499.56,10533.26,322.0,3.059171954183
306,1518954420000,10533.26,10533.26,10500.35,10515.14,382.0,3.632130624436
307,1518954480000,10517.47,10519.81,10506.24,10506.24,160.0,1.5213654220480002
308,1518954540000,10518.92,10532.76,10518.68,10522.49,1298.0,12.337418639245
309,1518954600000,10522.91,10533.26,10522.91,10533.26,78.0,0.740708855696
310,1518954660000,10536.6,10561.27,10536.6,10560.0,96.0,0.9098664589
311,1518954720000,10560.0,10574.0,10560.0,10574.0,38.0,0.359453425767
312,1518954780000,10573.0,10589.5,10546.42,10558.48,856.0,8.097138881953
313,1518954840000,10550.01,10560.71,10546.37,10556.15,328.0,3.1084910819200005
314,1518954900000,10551.93,10551.93,10534.61,10536.14,82.0,0.778273054734
315,1518954960000,10556.99,10556.99,10556.99,10556.99,24.0,0.22733752707899998
316,1518955020000,10554.18,10555.48,10554.18,10555.48,4.0,0.037897341929
317,1518955080000,10555.48,10577.01,10555.21,10555.53,34.0,0.322025132932
318,1518955140000,10568.14,10568.14,10540.3,10543.98,120.0,1.136660871181
319,1518955200000,10539.37,10539.37,10531.14,10537.26,1372.0,13.018093059481
320,1518955260000,10533.39,10533.39,10490.62,10490.62,278.0,2.643588667809
321,1518955320000,10493.79,10505.82,10489.62,10502.1,708.0,6.742447199692
322,1518955380000,10492.53,10504.23,10459.57,10459.57,4362.0,41.541996176284
323,1518955440000,10457.72,10464.39,10457.72,10464.39,804.0,7.683759094947
324,1518955500000,10456.05,10488.26,10448.0,10459.91,626.0,5.980653894215
325,1518955560000,10450.1,10474.67,10448.72,10468.1,1764.0,16.872033563152
326,1518955620000,10475.14,10475.14,10451.81,10464.79,94.0,0.8988161094600001
327,1518955680000,10476.34,10479.0,10474.18,10479.0,672.0,6.413072564269999
328,1518955740000,10496.35,10503.92,10486.77,10503.92,52.0,0.495483613637
329,1518955800000,10494.3,10506.26,10492.92,10506.26,28.0,0.266602578873
330,1518955860000,10481.29,10507.09,10467.19,10476.32,370.0,3.529819249706
331,1518955920000,10472.72,10492.51,10466.79,10492.51,128.0,1.221541695178
332,1518955980000,10487.43,10488.08,10468.97,10469.76,2028.0,19.351492332487
333,1518956040000,10469.79,10474.78,10469.79,10474.49,72.0,0.687666104595
334,1518956100000,10470.0,10471.08,10461.61,10461.61,76.0,0.725951413091
335,1518956160000,10462.91,10478.12,10451.09,10471.13,322.0,3.0748223148400005
336,1518956220000,10469.99,10479.69,10465.31,10471.34,1542.0,14.733655334605
337,1518956280000,10470.36,10470.36,10467.6,10467.65,30.0,0.286573282137
338,1518956340000,10473.73,10474.43,10468.92,10468.92,42.0,0.401004135819
339,1518956400000,10461.87,10461.87,10439.49,10439.49,506.0,4.843280720035
340,1518956460000,10443.49,10458.65,10429.4,10441.08,606.0,5.803917381296
341,1518956520000,10434.18,10434.18,10403.34,10430.0,234.0,2.244685348903
342,1518956580000,10403.23,10412.0,10380.11,10387.08,1824.0,17.549735280828
343,1518956640000,10389.71,10418.14,10389.71,10402.15,962.0,9.246325267178
344,1518956700000,10406.99,10426.08,10400.0,10400.0,158.0,1.516858906095
345,1518956820000,10429.27,10429.27,10429.27,10429.27,0.0,0.0
346,1518956760000,10427.98,10456.18,10423.21,10423.21,128.0,1.226267845583
347,1518956880000,10442.24,10442.24,10442.24,10442.24,6.0,0.057458936014
348,1518956940000,10448.12,10456.54,10435.77,10455.88,2262.0,21.635631000505
349,1518957000000,10449.03,10449.03,10413.79,10414.98,132.0,1.264255665634
350,1518957060000,10423.41,10441.78,10395.02,10396.8,568.0,5.451272317409001
351,1518957120000,10396.8,10397.14,10385.73,10390.5,2128.0,20.477348505813
352,1518957180000,10390.97,10420.51,10390.97,10396.42,502.0,4.825939668600999
353,1518957240000,10394.21,10425.46,10393.28,10422.04,98.0,0.940690752628
354,1518957300000,10414.62,10414.62,10413.12,10413.12,26.0,0.249682246468
355,1518957360000,10412.61,10412.61,10412.61,10412.61,2.0,0.019207480161
356,1518957420000,10427.51,10453.48,10415.29,10417.42,164.0,1.572386317873
357,1518957480000,10417.42,10443.64,10417.42,10441.38,58.0,0.555666162081
358,1518957540000,10427.14,10447.57,10426.52,10439.34,2890.0,27.684757721287998
359,1518957600000,10441.52,10459.5,10441.52,10448.73,144.0,1.3779034559560002
360,1518957660000,10457.08,10476.82,10457.08,10476.82,74.0,0.706882060646
361,1518957720000,10476.85,10490.08,10474.36,10477.27,234.0,2.232545117532
362,1518957780000,10485.03,10501.05,10485.03,10500.07,90.0,0.8574616348299999
363,1518957840000,10496.58,10496.58,10476.64,10482.82,476.0,4.536699160297
364,1518957900000,10505.0,10517.96,10505.0,10511.13,78.0,0.7419619743639999
365,1518957960000,10516.99,10526.07,10516.99,10517.97,1986.0,18.874827739192
366,1518958020000,10517.64,10517.64,10500.57,10500.57,786.0,7.4776687973580005
367,1518958080000,10491.27,10503.78,10489.87,10503.78,332.0,3.162855860421
368,1518958140000,10488.99,10517.6,10488.99,10517.31,24.0,0.228417855427
369,1518958200000,10511.18,10511.18,10497.58,10497.58,10.0,0.09518691208499999
370,1518958260000,10518.15,10530.0,10518.15,10530.0,52.0,0.49421160781499995
371,1518958320000,10536.71,10560.4,10536.71,10548.19,2802.0,26.558511252255997
372,1518958380000,10546.49,10546.6,10539.47,10542.06,416.0,3.946253640706
373,1518958440000,10542.03,10542.03,10510.5,10510.65,34.0,0.323269426792
374,1518958500000,10516.23,10550.0,10510.46,10510.46,512.0,4.859820559828
375,1518958560000,10529.53,10538.3,10517.81,10528.54,2646.0,25.153625936321
376,1518958620000,10513.4,10533.08,10499.14,10524.4,716.0,6.81071145182
377,1518958680000,10518.47,10518.47,10504.19,10515.33,260.0,2.473711054086
378,1518958740000,10518.6,10518.6,10504.36,10504.48,260.0,2.472190155773
379,1518958800000,10507.39,10517.5,10477.88,10495.06,574.0,5.46681690875
380,1518958860000,10500.91,10501.27,10464.51,10482.22,552.0,5.260154362386
381,1518958920000,10460.62,10508.16,10455.44,10500.68,364.0,3.467454012603
382,1518958980000,10495.63,10495.63,10467.58,10493.83,194.0,1.851001535708
383,1518959040000,10481.63,10501.52,10470.79,10501.52,248.0,2.3639882537009997
384,1518959100000,10501.52,10503.5,10489.51,10495.32,84.0,0.8000161573669999
385,1518959160000,10505.57,10532.42,10500.23,10532.09,1740.0,16.568396004901
386,1518959220000,10532.5,10574.31,10532.5,10560.55,288.0,2.7279195159640004
387,1518959280000,10556.18,10598.73,10551.38,10598.38,94.0,0.8891789202779999
388,1518959340000,10598.05,10646.54,10592.73,10641.68,286.0,2.6955590583170004
389,1518959400000,10624.05,10624.05,10595.67,10616.69,768.0,7.240719808129
390,1518959460000,10616.19,10649.56,10611.38,10648.81,532.0,4.99909902974
391,1518959520000,10649.5,10658.72,10644.85,10658.67,76.0,0.713476971249
392,1518959580000,10658.67,10683.57,10653.9,10681.93,442.0,4.1429621273290005
393,1518959640000,10685.77,10691.51,10681.93,10687.48,2758.0,25.799490697665
394,1518959700000,10681.93,10682.46,10658.01,10664.06,248.0,2.324538559181
395,1518959760000,10660.26,10664.8,10660.26,10664.8,56.0,0.525229556661
396,1518959820000,10653.6,10669.68,10648.05,10664.54,308.0,2.892033750589
397,1518959880000,10662.57,10673.04,10648.8,10648.8,552.0,5.182927246531
398,1518959940000,10653.53,10653.53,10648.8,10651.13,378.0,3.548940710847
399,1518960000000,10657.34,10660.46,10657.34,10660.46,32.0,0.300185648874
400,1518960060000,10673.82,10673.82,10659.33,10664.04,1288.0,12.077270295892001
401,1518960120000,10661.81,10666.42,10650.0,10663.08,388.0,3.640685749953
402,1518960180000,10659.9,10670.91,10653.23,10655.0,856.0,8.034259949684
403,1518960240000,10655.0,10655.0,10655.0,10655.0,0.0,0.0
404,1518960300000,10659.76,10659.76,10659.76,10659.76,1052.0,9.868890106344
405,1518960360000,10652.5,10668.24,10650.0,10664.56,1292.0,12.126268494110999
406,1518960420000,10664.56,10664.56,10664.56,10664.56,0.0,0.0
407,1518960480000,10664.56,10664.56,10664.56,10664.56,0.0,0.0
408,1518960540000,10650.0,10691.21,10650.0,10683.79,202.0,1.8927566338080002
409,1518960600000,10677.23,10691.33,10677.23,10683.29,244.0,2.283762911947
410,1518960660000,10700.61,10710.0,10683.34,10695.76,2494.0,23.335006759434
411,1518960720000,10701.68,10714.89,10701.68,10714.89,1662.0,15.523368690242
412,1518960780000,10715.57,10717.85,10695.17,10704.03,1362.0,12.710811031403999
413,1518960840000,10703.13,10717.85,10694.71,10715.58,116.0,1.0831008748289999
414,1518960900000,10715.58,10715.58,10676.02,10676.02,360.0,3.36464767138
415,1518960960000,10679.01,10699.5,10666.0,10680.0,1862.0,17.433925000668
416,1518961020000,10684.73,10684.73,10669.88,10675.62,2378.0,22.256957280113
417,1518961080000,10673.01,10683.12,10670.0,10670.0,178.0,1.668025250275
418,1518961140000,10686.07,10699.0,10658.46,10670.2,772.0,7.224894023442
419,1518961200000,10674.89,10700.49,10670.72,10683.25,1156.0,10.809754344538
420,1518961260000,10683.25,10698.38,10683.25,10686.63,326.0,3.0504768203009998
421,1518961320000,10695.93,10718.47,10695.93,10718.47,280.0,2.614379452794
422,1518961380000,10707.92,10716.71,10691.11,10716.71,252.0,2.356006275651
423,1518961440000,10713.04,10783.28,10713.04,10770.96,1476.0,13.722724974958
424,1518961500000,10770.98,10794.67,10770.07,10774.73,618.0,5.731828655578999
425,1518961560000,10775.72,10819.8,10770.48,10770.48,948.0,8.778365854466
426,1518961620000,10756.91,10771.8,10738.0,10760.21,454.0,4.2206624564020006
427,1518961680000,10746.38,10760.44,10744.59,10744.59,38.0,0.35347704341799996
428,1518961740000,10738.5,10749.23,10738.5,10746.1,108.0,1.0051089074600001
429,1518961800000,10738.0,10749.87,10720.02,10749.05,212.0,1.975148547687
430,1518961860000,10737.92,10737.92,10703.3,10724.09,1438.0,13.405515004817
431,1518961920000,10724.09,10724.09,10701.0,10708.64,178.0,1.6626473608539998
432,1518961980000,10707.9,10739.6,10707.15,10728.72,260.0,2.424142938006
433,1518962040000,10718.0,10728.7,10706.8,10726.97,96.0,0.895210784605
434,1518962100000,10745.84,10748.6,10741.66,10742.0,1688.0,15.705018970146
435,1518962160000,10740.87,10740.87,10730.66,10730.66,64.0,0.596100425035
436,1518962220000,10722.56,10739.63,10722.56,10730.0,58.0,0.540765776797
437,1518962280000,10728.48,10728.48,10710.0,10710.0,2006.0,18.716326980485
438,1518962340000,10705.84,10728.01,10704.54,10720.71,370.0,3.4520967062019996
439,1518962400000,10702.0,10702.0,10688.5,10688.5,174.0,1.626307538915
440,1518962460000,10688.5,10768.28,10688.0,10756.72,2372.0,22.10500944539
441,1518962520000,10756.75,10757.22,10703.06,10743.92,712.0,6.6314481081070005
442,1518962580000,10744.79,10800.08,10742.31,10772.29,1174.0,10.898960403418
443,1518962640000,10781.54,10785.54,10738.52,10748.91,418.0,3.885556940873
444,1518962700000,10765.15,10767.78,10751.28,10751.28,1592.0,14.803303482699
445,1518962760000,10753.11,10769.08,10751.4,10763.0,106.0,0.984927828553
446,1518962820000,10767.12,10776.03,10751.23,10751.23,130.0,1.207453411967
447,1518962880000,10750.73,10753.92,10740.77,10753.92,108.0,1.004975558371
448,1518962940000,10754.71,10768.55,10747.42,10752.74,436.0,4.052130104802
449,1518963000000,10740.7,10745.55,10740.7,10741.0,48.0,0.446879128634
450,1518963060000,10754.13,10754.13,10740.79,10747.97,206.0,1.917457888034
451,1518963120000,10745.13,10746.0,10745.13,10745.85,142.0,1.3214281076999999
452,1518963180000,10738.0,10748.89,10727.15,10739.47,662.0,6.165091513225
453,1518963240000,10739.92,10739.92,10708.01,10725.28,376.0,3.507974700036
454,1518963300000,10715.16,10746.88,10703.82,10720.21,520.0,4.847611740262
455,1518963360000,10725.0,10744.92,10715.88,10731.72,120.0,1.119216983771
456,1518963420000,10737.87,10757.33,10737.87,10757.33,1172.0,10.895081840550999
457,1518963480000,10761.97,10761.97,10748.24,10748.24,6.0,0.055799353406
458,1518963540000,10742.37,10742.85,10742.37,10742.85,202.0,1.880401089824
459,1518963600000,10745.71,10750.8,10745.71,10748.0,1492.0,13.881603058893
460,1518963660000,10741.0,10747.66,10730.0,10744.95,92.0,0.85647559933
461,1518963720000,10734.0,10734.0,10720.99,10730.0,302.0,2.8143304238849995
462,1518963780000,10732.7,10739.85,10716.38,10716.38,466.0,4.344565768694999
463,1518963840000,10716.38,10718.51,10700.0,10716.51,2056.0,19.20298927708
464,1518963900000,10719.62,10719.62,10702.86,10702.86,124.0,1.157077492541
465,1518963960000,10697.19,10697.19,10670.74,10684.97,468.0,4.380895079386
466,1518964020000,10709.63,10716.51,10700.0,10700.0,632.0,5.900766858444
467,1518964080000,10700.0,10701.06,10681.14,10681.14,226.0,2.112291525415
468,1518964140000,10701.6,10702.15,10689.98,10689.98,1192.0,11.150252799335
469,1518964200000,10689.98,10689.98,10689.98,10689.98,0.0,0.0
470,1518964260000,10705.25,10723.41,10705.25,10723.41,238.0,2.22142936458
471,1518964320000,10707.55,10737.97,10707.55,10737.97,2172.0,20.23474290041
472,1518964380000,10737.4,10755.57,10737.4,10755.57,166.0,1.544642278085
473,1518964440000,10755.57,10755.57,10727.76,10735.61,378.0,3.519459298113
474,1518964500000,10731.81,10731.81,10702.55,10705.86,130.0,1.212909118067
475,1518964560000,10710.22,10725.77,10704.86,10704.86,1626.0,15.181023012024
476,1518964620000,10700.0,10723.51,10690.54,10723.51,298.0,2.780599561685
477,1518964680000,10723.51,10723.51,10723.51,10723.51,0.0,0.0
478,1518964740000,10706.18,10707.14,10706.18,10707.14,16.0,0.149434670096
479,1518964800000,10697.5,10697.75,10697.5,10697.5,790.0,7.384734803103
480,1518964860000,10687.44,10707.87,10687.44,10707.87,60.0,0.560545568632
481,1518964920000,10705.99,10705.99,10686.95,10688.45,78.0,0.729410975904
482,1518964980000,10696.54,10712.11,10696.54,10712.11,30.0,0.280221310256
483,1518965040000,10730.14,10741.8,10712.11,10736.71,290.0,2.705215094406
484,1518965100000,10736.62,10741.1,10736.62,10741.1,18.0,0.167621457089
485,1518965160000,10741.1,10749.47,10741.1,10749.47,128.0,1.191603361665
486,1518965220000,10749.57,10750.0,10749.47,10749.47,2292.0,21.321461579527
487,1518965280000,10750.0,10760.0,10750.0,10760.0,904.0,8.409285035013
488,1518965340000,10767.92,10783.7,10762.0,10762.08,124.0,1.151281605609
489,1518965400000,10762.0,10762.0,10752.28,10760.17,1190.0,11.066649536029999
490,1518965460000,10762.23,10769.47,10762.23,10769.47,80.0,0.7429360528450001
491,1518965520000,10756.28,10756.28,10736.91,10736.91,236.0,2.196386447239
492,1518965580000,10750.5,10752.95,10719.59,10738.46,220.0,2.050562549644
493,1518965640000,10749.74,10776.06,10729.75,10776.06,1472.0,13.712438300207
494,1518965700000,10755.11,10755.11,10750.41,10750.41,26.0,0.241826851167
495,1518965760000,10736.84,10736.84,10733.6,10733.6,6.0,0.05589199521
496,1518965820000,10734.54,10734.54,10729.84,10729.84,844.0,7.865899432968
497,1518965880000,10736.48,10747.91,10731.62,10741.21,194.0,1.806105022748
498,1518965940000,10749.63,10753.3,10749.63,10753.3,32.0,0.29758941733399996
499,1518966000000,10745.31,10745.31,10731.83,10737.08,844.0,7.855115712198
500,1518966060000,10740.5,10740.5,10722.43,10723.2,50.0,0.465913371977
501,1518966120000,10727.57,10727.57,10723.2,10723.2,20.0,0.186443109252
502,1518966180000,10723.2,10723.2,10697.05,10714.95,1078.0,10.06083869562
503,1518966240000,10733.66,10740.3,10713.35,10715.35,88.0,0.820229277352
504,1518966300000,10715.35,10715.35,10715.35,10715.35,0.0,0.0
505,1518966360000,10726.4,10726.4,10726.4,10726.4,966.0,9.005817422434
506,1518966420000,10726.4,10726.4,10726.4,10726.4,0.0,0.0
507,1518966480000,10726.4,10726.4,10726.4,10726.4,0.0,0.0
508,1518966540000,10734.64,10739.92,10734.64,10736.0,1830.0,17.047471280345
509,1518966600000,10740.62,10740.62,10739.25,10739.25,32.0,0.297960513708
510,1518966660000,10741.9,10773.71,10741.9,10772.34,446.0,4.149396127446
511,1518966720000,10783.66,10791.99,10772.11,10791.99,664.0,6.161302005214
512,1518966780000,10792.01,10802.85,10778.71,10802.85,850.0,7.875287716452
513,1518966900000,10794.19,10794.19,10794.19,10794.19,2.0,0.018528486158
514,1518966840000,10794.19,10812.08,10789.2,10801.52,724.0,6.702925283052
515,1518966960000,10801.88,10813.86,10793.27,10800.79,226.0,2.092087105171
516,1518967020000,10806.96,10819.01,10801.3,10816.34,1054.0,9.756783864901001
517,1518967080000,10815.41,10831.42,10815.41,10829.46,308.0,2.845522460115
518,1518967140000,10827.3,10829.6,10794.74,10795.58,686.0,6.34884152653
519,1518967200000,10808.76,10822.96,10808.18,10808.52,994.0,9.193908960816
520,1518967260000,10800.0,10800.0,10789.34,10796.56,110.0,1.019041906609
521,1518967320000,10788.71,10815.9,10788.71,10815.22,1160.0,10.748923028433001
522,1518967380000,10799.19,10806.7,10794.63,10806.28,84.0,0.77783566743
523,1518967440000,10805.85,10805.85,10805.85,10805.85,878.0,8.125228464212
524,1518967500000,10812.5,10812.5,10773.01,10782.88,162.0,1.50217380101
525,1518967560000,10791.01,10792.43,10758.64,10760.95,146.0,1.355599226719
526,1518967620000,10750.53,10772.68,10750.53,10768.63,190.0,1.764710879905
527,1518967680000,10790.85,10803.32,10778.99,10788.15,1784.0,16.542451461762
528,1518967740000,10776.71,10776.71,10759.52,10766.4,302.0,2.8029924852429997
529,1518967800000,10766.4,10768.55,10766.4,10766.4,990.0,9.195159778687
530,1518967860000,10766.4,10766.4,10745.45,10745.45,324.0,3.01033365385
531,1518967920000,10745.95,10746.92,10740.0,10746.92,1104.0,10.277583159974
532,1518967980000,10749.25,10769.0,10749.25,10769.0,222.0,2.061587258969
533,1518968040000,10765.01,10771.11,10758.77,10758.77,28.0,0.260120068601
534,1518968100000,10758.87,10772.74,10757.6,10772.74,34.0,0.315769918068
535,1518968160000,10770.64,10770.64,10760.0,10760.0,744.0,6.907973627810001
536,1518968220000,10774.96,10787.31,10754.9,10775.8,568.0,5.270527792252
537,1518968280000,10767.43,10775.8,10761.03,10761.03,590.0,5.482322443606
538,1518968340000,10757.23,10761.59,10749.88,10749.88,12.0,0.111583484616
539,1518968400000,10746.04,10746.8,10746.04,10746.8,48.0,0.44665124998899997
540,1518968460000,10732.32,10732.32,10708.82,10717.0,1760.0,16.419685899894
541,1518968520000,10699.05,10699.05,10629.62,10629.62,1894.0,17.733661738966997
542,1518968580000,10629.62,10677.89,10629.62,10636.12,850.0,7.981783045387
543,1518968640000,10641.37,10730.0,10628.76,10628.76,1622.0,15.208166871545
544,1518968700000,10631.78,10662.86,10631.78,10646.51,576.0,5.411490992791999
545,1518968760000,10657.52,10662.69,10637.71,10653.31,334.0,3.1353260091890003
546,1518968820000,10664.76,10665.68,10661.97,10664.56,56.0,0.525136407798
547,1518968880000,10665.22,10669.14,10613.6,10616.84,508.0,4.777781990007
548,1518968940000,10600.0,10600.0,10581.67,10588.01,198.0,1.8692304468729999
549,1518969000000,10588.05,10620.06,10588.05,10617.13,180.0,1.696930187029
550,1518969060000,10617.91,10653.11,10607.27,10608.26,1316.0,12.390371978919001
551,1518969120000,10595.53,10624.74,10595.53,10624.74,176.0,1.658644370652
552,1518969180000,10616.0,10616.0,10616.0,10616.0,10.0,0.09419743783
553,1518969240000,10625.68,10625.68,10606.02,10606.02,190.0,1.790130085406
554,1518969300000,10606.75,10637.94,10596.52,10605.5,2594.0,24.416904455431
555,1518969360000,10606.61,10626.5,10606.61,10626.5,80.0,0.7533919681360001
556,1518969420000,10637.24,10637.24,10611.4,10611.4,294.0,2.767927955032
557,1518969480000,10611.36,10637.91,10605.5,10637.91,242.0,2.276641394048
558,1518969540000,10644.74,10651.32,10637.91,10646.39,2316.0,21.763288514018
559,1518969600000,10647.96,10647.96,10646.17,10646.39,280.0,2.6297782624540003
560,1518969660000,10646.37,10668.38,10646.37,10664.87,1194.0,11.205960432067
561,1518969720000,10661.62,10667.9,10652.22,10657.84,84.0,0.788162262455
562,1518969780000,10661.8,10696.12,10660.66,10694.14,488.0,4.569300580273
563,1518969840000,10699.38,10699.38,10678.74,10678.74,82.0,0.7669103851450001
564,1518969900000,10693.3,10707.18,10684.48,10705.2,432.0,4.038809870306
565,1518969960000,10694.53,10694.53,10686.96,10689.23,2172.0,20.319142997035
566,1518970020000,10685.8,10685.8,10648.58,10648.9,988.0,9.267862233371
567,1518970080000,10672.48,10673.0,10661.74,10661.74,326.0,3.0545547373710003
568,1518970140000,10661.35,10669.1,10661.35,10669.1,984.0,9.222909653576
569,1518970200000,10654.7,10654.7,10633.78,10649.39,152.0,1.427905140403
570,1518970260000,10642.11,10647.03,10616.77,10623.62,250.0,2.352127283538
571,1518970320000,10623.68,10623.68,10580.59,10580.59,626.0,5.89736368578
572,1518970380000,10566.46,10581.59,10504.4,10504.75,1534.0,14.527792063163
573,1518970440000,10517.99,10556.35,10513.83,10556.35,2094.0,19.867774388044
574,1518970500000,10555.8,10555.8,10521.66,10534.48,612.0,5.806010339649
575,1518970560000,10534.95,10537.98,10509.52,10525.25,198.0,1.8806970573299997
576,1518970620000,10522.92,10536.37,10515.98,10515.98,404.0,3.8365171098079998
577,1518970680000,10521.85,10521.85,10500.0,10500.0,28.0,0.266376463508
578,1518970740000,10500.0,10506.52,10454.57,10454.57,2774.0,26.4323394049
579,1518970800000,10474.2,10515.6,10468.79,10500.57,1000.0,9.533073213475
580,1518970860000,10500.94,10521.81,10483.21,10510.93,178.0,1.6967277740900002
581,1518970920000,10518.76,10518.76,10501.4,10501.44,16.0,0.152253986548
582,1518970980000,10521.24,10544.78,10521.24,10535.04,64.0,0.607977847341
583,1518971040000,10524.04,10525.1,10520.4,10525.1,1568.0,14.897952054984
584,1518971100000,10520.4,10537.58,10497.03,10511.04,236.0,2.243938315032
585,1518971160000,10529.78,10529.8,10488.58,10488.58,78.0,0.7425190547409999
586,1518971220000,10495.2,10501.96,10495.2,10495.35,32.0,0.304754398231
587,1518971280000,10519.58,10529.18,10508.34,10508.34,308.0,2.927909459351
588,1518971340000,10510.28,10520.96,10492.5,10510.55,970.0,9.229754568748
589,1518971400000,10503.94,10503.94,10460.02,10461.66,118.0,1.126813801308
590,1518971460000,10461.66,10464.69,10432.56,10447.51,1772.0,16.955988126987
591,1518971520000,10421.66,10422.35,10420.93,10422.13,132.0,1.266536538013
592,1518971580000,10422.01,10455.23,10422.01,10447.11,360.0,3.450619840331
593,1518971640000,10440.2,10449.74,10434.28,10449.74,1104.0,10.577069137826001
594,1518971700000,10462.97,10465.0,10453.31,10464.93,52.0,0.49711167661600003
595,1518971760000,10463.91,10463.91,10462.92,10462.92,16.0,0.152919173407
596,1518971820000,10465.8,10514.77,10465.8,10514.77,504.0,4.7972353494840005
597,1518971880000,10517.3,10521.59,10500.33,10521.59,172.0,1.63608328826
598,1518971940000,10494.8,10504.84,10494.8,10504.84,66.0,0.6287650493860001
599,1518972000000,10507.71,10508.16,10466.77,10467.82,94.0,0.8964345061799999
600,1518972060000,10469.88,10494.38,10469.88,10492.28,1260.0,12.029443697674001
601,1518972120000,10520.35,10520.35,10466.39,10511.43,240.0,2.2843628966710003
602,1518972180000,10532.91,10532.91,10532.91,10532.91,18.0,0.170892944115
603,1518972240000,10513.46,10513.46,10483.23,10488.7,1154.0,10.979763324405
604,1518972300000,10481.16,10523.83,10480.59,10523.83,42.0,0.399464536605
605,1518972360000,10498.85,10506.57,10491.4,10497.21,40.0,0.380872821424
606,1518972420000,10505.27,10512.07,10489.82,10489.82,574.0,5.460581855202
607,1518972480000,10510.14,10513.48,10504.05,10504.05,10.0,0.09514627564200001
608,1518972540000,10491.12,10491.12,10470.46,10472.21,22.0,0.21003641763099998
609,1518972600000,10456.51,10456.51,10432.55,10456.17,676.0,6.471570745605001
610,1518972660000,10456.17,10479.48,10456.17,10456.45,122.0,1.1661705618909999
611,1518972720000,10456.8,10484.84,10456.8,10484.84,122.0,1.163683514827
612,1518972780000,10476.27,10476.27,10459.62,10467.27,706.0,6.747024378379001
613,1518972840000,10474.95,10487.33,10474.95,10487.33,50.0,0.477015480128
614,1518972900000,10502.55,10502.55,10502.55,10502.55,8.0,0.076171977282
615,1518972960000,10524.52,10541.06,10512.98,10517.05,1238.0,11.746764113524002
616,1518973020000,10519.38,10534.9,10510.5,10532.8,342.0,3.251273202913
617,1518973080000,10556.07,10559.45,10549.83,10549.83,48.0,0.45470916648299997
618,1518973140000,10549.83,10578.76,10549.83,10578.76,942.0,8.90831688607
619,1518973200000,10538.96,10576.3,10537.21,10574.52,444.0,4.200329269425
620,1518973260000,10575.57,10575.57,10558.38,10558.45,188.0,1.779095000052
621,1518973320000,10570.96,10586.29,10566.31,10586.29,278.0,2.626881050108
622,1518973380000,10609.81,10613.47,10598.51,10598.51,874.0,8.235275213166
623,1518973440000,10592.15,10605.51,10583.87,10604.67,350.0,3.304770083908
624,1518973500000,10607.51,10610.84,10574.02,10574.05,148.0,1.3984581881540001
625,1518973560000,10584.67,10631.57,10584.67,10626.55,144.0,1.356544512513
626,1518973620000,10623.57,10638.48,10597.18,10637.53,1186.0,11.162439415742
627,1518973680000,10627.41,10629.01,10620.85,10629.0,100.0,0.940966983884
628,1518973740000,10616.99,10616.99,10583.4,10610.0,1344.0,12.674996372584
629,1518973800000,10601.86,10625.51,10594.5,10594.5,582.0,5.485719869227
630,1518973860000,10600.43,10610.32,10593.38,10606.08,310.0,2.923313459098
631,1518973920000,10602.91,10616.38,10602.91,10614.85,242.0,2.280684867536
632,1518973980000,10615.64,10651.74,10610.7,10626.06,3022.0,28.435448375317
633,1518974040000,10628.0,10673.26,10628.0,10664.78,1200.0,11.256695073673999
634,1518974100000,10664.78,10664.78,10629.3,10660.43,888.0,8.343602456679
635,1518974160000,10656.08,10656.43,10648.82,10653.53,1102.0,10.345704989543
636,1518974220000,10653.9,10664.4,10640.01,10641.85,100.0,0.9389712817810001
637,1518974280000,10639.74,10655.56,10623.63,10652.32,318.0,2.989878860874
638,1518974340000,10660.22,10664.25,10626.14,10626.14,688.0,6.462266378953
639,1518974400000,10628.03,10645.28,10628.03,10628.59,110.0,1.033798822314
640,1518974460000,10640.24,10660.89,10637.94,10660.0,56.0,0.525852959364
641,1518974520000,10660.94,10660.94,10612.0,10612.0,216.0,2.0300380721680003
642,1518974580000,10612.0,10670.0,10612.0,10662.96,896.0,8.422871218899
643,1518974640000,10668.7,10668.7,10625.63,10628.3,416.0,3.909503630014
644,1518974760000,10650.32,10650.32,10650.32,10650.32,0.0,0.0
645,1518974700000,10647.29,10670.39,10635.79,10635.79,554.0,5.200217484109
646,1518974820000,10628.46,10643.71,10628.46,10639.93,124.0,1.165493782318
647,1518974880000,10649.97,10649.97,10618.95,10635.94,1164.0,10.94385864918
648,1518974940000,10635.28,10640.0,10584.89,10584.89,374.0,3.527363703172
649,1518975000000,10588.62,10617.47,10588.62,10592.34,106.0,0.999321111646
650,1518975060000,10599.11,10639.02,10586.99,10604.0,208.0,1.959046428511
651,1518975120000,10600.0,10637.74,10600.0,10606.39,512.0,4.825319163345
652,1518975180000,10611.26,10619.52,10602.02,10609.38,424.0,3.997588518161
653,1518975240000,10609.38,10609.38,10609.38,10609.38,10.0,0.094256214784
654,1518975300000,10614.0,10614.0,10606.48,10610.24,1180.0,11.120029579295002
655,1518975360000,10602.98,10604.34,10602.98,10604.34,400.0,3.772050180649
656,1518975420000,10630.52,10656.5,10609.44,10612.72,956.0,8.990283442997
657,1518975480000,10609.02,10646.9,10609.02,10640.0,322.0,3.0260213497030004
658,1518975540000,10621.77,10639.27,10621.21,10630.3,1358.0,12.784587650299999
659,1518975600000,10647.89,10651.8,10640.94,10640.94,582.0,5.465824155569
660,1518975660000,10646.36,10649.68,10643.25,10643.25,116.0,1.0896444270049999
661,1518975720000,10633.18,10643.95,10633.18,10638.33,276.0,2.594575644743
662,1518975780000,10635.61,10670.57,10626.0,10626.0,1858.0,17.467408728817002
663,1518975840000,10618.07,10618.3,10615.73,10618.3,32.0,0.301374634256
664,1518975900000,10618.57,10638.68,10611.98,10611.98,406.0,3.820761021299
665,1518975960000,10620.38,10659.12,10615.81,10642.16,1376.0,12.951796092437
666,1518976020000,10620.49,10649.97,10620.49,10638.71,226.0,2.124410602524
667,1518976080000,10636.24,10644.73,10622.94,10630.33,60.0,0.564271392316
668,1518976140000,10622.47,10632.25,10607.17,10615.32,230.0,2.163911284696
669,1518976200000,10620.75,10657.34,10612.24,10621.0,1158.0,10.891898054565
670,1518976260000,10637.95,10671.02,10625.78,10642.25,258.0,2.422666872447
671,1518976320000,10649.13,10660.85,10649.13,10653.54,126.0,1.182783987628
672,1518976380000,10652.39,10663.36,10636.43,10644.34,1618.0,15.192242975717
673,1518976440000,10645.03,10646.81,10643.25,10643.25,46.0,0.432133109169
674,1518976500000,10646.52,10673.42,10645.22,10667.32,68.0,0.638290100013
675,1518976560000,10652.43,10659.27,10652.43,10657.78,30.0,0.28155496235399996
676,1518976620000,10658.52,10662.76,10658.52,10662.76,454.0,4.257816884256
677,1518976680000,10664.14,10680.0,10664.14,10680.0,1008.0,9.438247817254
678,1518976740000,10688.0,10720.0,10688.0,10694.35,674.0,6.2896653867320005
679,1518976800000,10710.74,10710.74,10674.92,10695.35,1310.0,12.255590149231
680,1518976860000,10693.51,10705.96,10680.0,10680.0,714.0,6.682874990159
681,1518976920000,10670.0,10691.73,10669.25,10690.4,324.0,3.0343236481190003
682,1518976980000,10681.78,10682.32,10680.0,10680.0,510.0,4.7752628245899995
683,1518977040000,10666.89,10685.3,10666.89,10677.34,820.0,7.675685379153
684,1518977100000,10677.34,10677.34,10677.34,10677.34,0.0,0.0
685,1518977160000,10668.23,10668.23,10668.23,10668.23,2.0,0.018747252356
686,1518977220000,10623.46,10623.46,10601.31,10606.08,512.0,4.826642000302
687,1518977280000,10597.08,10616.68,10575.03,10612.86,1348.0,12.717954539482
688,1518977340000,10614.65,10615.88,10575.03,10606.85,342.0,3.227978388061
689,1518977400000,10607.35,10619.2,10574.9,10596.23,412.0,3.886193048326
690,1518977460000,10589.89,10601.49,10586.65,10586.65,24.0,0.226586560961
691,1518977520000,10586.3,10590.93,10540.64,10540.64,1518.0,14.352272271670001
692,1518977580000,10565.16,10568.05,10563.48,10568.05,24.0,0.227166281213
693,1518977640000,10538.27,10571.68,10522.42,10570.93,424.0,4.020134213616
694,1518977700000,10570.8,10570.8,10527.01,10565.8,104.0,0.985633527938
695,1518977760000,10585.1,10589.2,10559.48,10559.48,140.0,1.3223564173690001
696,1518977820000,10548.29,10579.91,10548.29,10569.68,490.0,4.6317002055989995
697,1518977880000,10578.41,10613.17,10573.57,10613.17,236.0,2.226901058199
698,1518977940000,10626.85,10630.78,10614.74,10616.69,204.0,1.92109876619
699,1518978000000,10616.19,10643.25,10616.19,10631.41,1218.0,11.461211482196
700,1518978060000,10631.41,10631.41,10631.41,10631.41,0.0,0.0
701,1518978120000,10614.23,10638.7,10579.79,10633.39,562.0,5.29417716878
702,1518978180000,10632.56,10663.8,10625.21,10637.0,906.0,8.509997501622
703,1518978240000,10634.3,10677.1,10634.3,10654.07,1342.0,12.59901536586
704,1518978300000,10643.27,10681.81,10638.41,10681.81,530.0,4.976556366107
705,1518978360000,10680.57,10691.91,10668.49,10668.49,1222.0,11.441612583681
706,1518978420000,10669.28,10669.28,10665.59,10665.59,60.0,0.562548961569
707,1518978480000,10663.47,10681.4,10656.32,10663.52,152.0,1.424412314359
708,1518978540000,10656.07,10663.99,10645.9,10663.51,312.0,2.928095759727
709,1518978600000,10665.35,10692.83,10655.82,10675.99,156.0,1.460444731467
710,1518978660000,10675.51,10677.49,10657.64,10677.49,194.0,1.818897550438
711,1518978720000,10682.21,10682.21,10635.3,10635.3,44.0,0.41252073370700004
712,1518978780000,10649.99,10678.32,10647.68,10647.68,236.0,2.212795637556
713,1518978840000,10657.71,10659.78,10639.52,10655.34,976.0,9.156145828225
714,1518978900000,10638.2,10690.97,10636.92,10660.63,128.0,1.200276154129
715,1518978960000,10681.7,10690.61,10645.67,10652.74,288.0,2.700019262611
716,1518979020000,10677.36,10677.73,10665.16,10665.16,32.0,0.299740457725
717,1518979080000,10666.48,10681.5,10657.91,10674.42,654.0,6.128636744685
718,1518979140000,10675.8,10675.8,10667.04,10670.44,40.0,0.374908100902
719,1518979200000,10681.78,10718.02,10675.96,10709.02,146.0,1.363630260821
720,1518979260000,10718.08,10727.87,10679.68,10696.44,1088.0,10.166211762206
721,1518979320000,10695.21,10695.55,10691.57,10691.57,40.0,0.37408997242200004
722,1518979380000,10692.47,10718.8,10692.47,10718.8,72.0,0.6719727615729999
723,1518979440000,10718.85,10726.9,10708.61,10713.31,186.0,1.735608553726
724,1518979500000,10713.31,10723.53,10685.96,10722.98,398.0,3.71413745019
725,1518979560000,10710.98,10710.98,10698.71,10698.71,182.0,1.6994829740119999
726,1518979620000,10682.41,10715.12,10682.41,10698.45,100.0,0.9343520256610001
727,1518979680000,10701.64,10701.64,10684.89,10687.03,530.0,4.95770985833
728,1518979740000,10698.95,10727.67,10690.33,10720.46,738.0,6.888566930368
729,1518979800000,10725.1,10727.29,10693.17,10693.17,368.0,3.433907695113
730,1518979860000,10708.89,10736.95,10700.5,10725.23,226.0,2.107957333237
731,1518979920000,10732.34,10732.34,10694.43,10727.9,908.0,8.476478943563
732,1518979980000,10728.9,10728.9,10698.25,10703.51,98.0,0.9149289232690001
733,1518980040000,10701.72,10701.72,10689.33,10694.8,42.0,0.3928478976
734,1518980100000,10706.21,10706.21,10672.3,10672.3,74.0,0.6922487498190001
735,1518980160000,10698.46,10724.09,10698.46,10702.18,770.0,7.188573339336999
736,1518980220000,10711.34,10711.67,10695.0,10702.75,76.0,0.709997276869
737,1518980280000,10711.51,10718.33,10709.08,10709.28,32.0,0.29871579197500003
738,1518980340000,10713.67,10727.88,10702.03,10727.88,676.0,6.307395484965
739,1518980400000,10730.0,10739.45,10702.11,10711.07,352.0,3.279995758525
740,1518980460000,10720.55,10720.55,10702.0,10707.98,600.0,5.603304384454
741,1518980520000,10702.82,10704.37,10683.91,10683.91,160.0,1.4958148514579999
742,1518980580000,10686.9,10705.74,10685.45,10705.74,170.0,1.59081856379
743,1518980640000,10704.49,10707.12,10704.49,10707.12,226.0,2.1107564284060003
744,1518980700000,10707.12,10707.12,10707.12,10707.12,0.0,0.0
745,1518980760000,10707.12,10707.12,10707.12,10707.12,0.0,0.0
746,1518980820000,10674.88,10704.68,10674.88,10692.37,232.0,2.1693383044
747,1518980880000,10659.04,10686.29,10654.29,10663.74,930.0,8.725226442635
748,1518980940000,10665.5,10676.58,10661.5,10673.52,142.0,1.331384030371
749,1518981000000,10674.73,10675.72,10674.73,10675.72,32.0,0.29976617691999996
750,1518981060000,10692.24,10693.53,10669.06,10679.63,530.0,4.95885104307
751,1518981120000,10669.89,10689.1,10648.52,10677.92,886.0,8.303278283751
752,1518981180000,10678.45,10689.36,10678.45,10684.34,106.0,0.991673304554
753,1518981240000,10677.42,10680.56,10660.0,10660.0,10.0,0.093670794593
754,1518981300000,10672.92,10698.93,10666.04,10668.14,1334.0,12.473352350335
755,1518981360000,10676.88,10701.94,10676.88,10701.94,156.0,1.4588830929840002
756,1518981420000,10693.8,10697.67,10666.81,10666.81,188.0,1.7583220279379999
757,1518981480000,10690.48,10691.24,10665.38,10674.7,144.0,1.3479061987490002
758,1518981540000,10669.5,10669.5,10669.48,10669.48,16.0,0.149960307381
759,1518981600000,10669.48,10669.48,10669.48,10669.48,0.0,0.0
760,1518981660000,10649.82,10651.38,10635.11,10651.38,1234.0,11.594341322983
761,1518981720000,10676.54,10677.36,10666.81,10666.81,428.0,4.009284679585
762,1518981780000,10654.24,10661.25,10652.36,10657.83,342.0,3.209181996236
763,1518981840000,10678.27,10678.27,10653.7,10653.7,674.0,6.3248368687909995
764,1518981900000,10670.38,10680.45,10664.76,10680.45,322.0,3.015626231576
765,1518981960000,10688.56,10706.68,10688.56,10706.68,16.0,0.14966031785
766,1518982020000,10708.16,10749.97,10708.16,10749.97,1046.0,9.762274840817
767,1518982080000,10750.0,10760.0,10750.0,10755.16,1784.0,16.583532363559
768,1518982140000,10760.0,10769.2,10760.0,10769.2,236.0,2.192901225642
